"Variable / Field Name","Form Name","Section Header","Field Type","Field Label","Choices, Calculations, OR Slider Labels","Field Note","Text Validation Type OR Show Slider Number","Text Validation Min","Text Validation Max",Identifier?,"Branching Logic (Show field only if...)","Required Field?","Custom Alignment","Question Number (surveys only)","Matrix Group Name","Matrix Ranking?","Field Annotation"
bids_subject_id,mriqc_info,,text,"BIDS Subject ID",,,,,,,,,,,,,
structural_filename,mriqc_structural_iqm,,text,structural.filename,,,,,,,,,,,,,
structural_cjv,mriqc_structural_iqm,,text,structural.cjv,,,number,,,,,,,,,,
structural_cnr,mriqc_structural_iqm,,text,structural.cnr,,,number,,,,,,,,,,
structural_efc,mriqc_structural_iqm,,text,structural.efc,,,number,,,,,,,,,,
structural_fber,mriqc_structural_iqm,,text,structural.fber,,,number,,,,,,,,,,
structural_fwhm_avg,mriqc_structural_iqm,,text,structural.fwhm_avg,,,number,,,,,,,,,,
structural_fwhm_x,mriqc_structural_iqm,,text,structural.fwhm_x,,,number,,,,,,,,,,
structural_fwhm_y,mriqc_structural_iqm,,text,structural.fwhm_y,,,number,,,,,,,,,,
structural_fwhm_z,mriqc_structural_iqm,,text,structural.fwhm_z,,,number,,,,,,,,,,
structural_icvs_csf,mriqc_structural_iqm,,text,structural.icvs_csf,,,number,,,,,,,,,,
structural_icvs_gm,mriqc_structural_iqm,,text,structural.icvs_gm,,,number,,,,,,,,,,
structural_icvs_wm,mriqc_structural_iqm,,text,structural.icvs_wm,,,number,,,,,,,,,,
structural_inu_med,mriqc_structural_iqm,,text,structural.inu_med,,,number,,,,,,,,,,
structural_inu_range,mriqc_structural_iqm,,text,structural.inu_range,,,number,,,,,,,,,,
structural_qi_1,mriqc_structural_iqm,,text,structural.qi_1,,,number,,,,,,,,,,
structural_qi_2,mriqc_structural_iqm,,text,structural.qi_2,,,number,,,,,,,,,,
structural_rpve_csf,mriqc_structural_iqm,,text,structural.rpve_csf,,,number,,,,,,,,,,
structural_rpve_gm,mriqc_structural_iqm,,text,structural.rpve_gm,,,number,,,,,,,,,,
structural_rpve_wm,mriqc_structural_iqm,,text,structural.rpve_wm,,,number,,,,,,,,,,
structural_size_x,mriqc_structural_iqm,,text,structural.size_x,,,number,,,,,,,,,,
structural_size_y,mriqc_structural_iqm,,text,structural.size_y,,,number,,,,,,,,,,
structural_size_z,mriqc_structural_iqm,,text,structural.size_z,,,number,,,,,,,,,,
structural_snr_csf,mriqc_structural_iqm,,text,structural.snr_csf,,,number,,,,,,,,,,
structural_snr_gm,mriqc_structural_iqm,,text,structural.snr_gm,,,number,,,,,,,,,,
structural_snr_total,mriqc_structural_iqm,,text,structural.snr_total,,,number,,,,,,,,,,
structural_snr_wm,mriqc_structural_iqm,,text,structural.snr_wm,,,number,,,,,,,,,,
structural_snrd_csf,mriqc_structural_iqm,,text,structural.snrd_csf,,,number,,,,,,,,,,
structural_snrd_gm,mriqc_structural_iqm,,text,structural.snrd_gm,,,number,,,,,,,,,,
structural_snrd_total,mriqc_structural_iqm,,text,structural.snrd_total,,,number,,,,,,,,,,
structural_snrd_wm,mriqc_structural_iqm,,text,structural.snrd_wm,,,number,,,,,,,,,,
structural_spacing_x,mriqc_structural_iqm,,text,structural.spacing_x,,,number,,,,,,,,,,
structural_spacing_y,mriqc_structural_iqm,,text,structural.spacing_y,,,number,,,,,,,,,,
structural_spacing_z,mriqc_structural_iqm,,text,structural.spacing_z,,,number,,,,,,,,,,
structural_summary_bg_k,mriqc_structural_iqm,,text,structural.summary_bg_k,,,number,,,,,,,,,,
structural_summary_bg_mad,mriqc_structural_iqm,,text,structural.summary_bg_mad,,,number,,,,,,,,,,
structural_summary_bg_mean,mriqc_structural_iqm,,text,structural.summary_bg_mean,,,number,,,,,,,,,,
structural_summary_bg_median,mriqc_structural_iqm,,text,structural.summary_bg_median,,,number,,,,,,,,,,
structural_summary_bg_n,mriqc_structural_iqm,,text,structural.summary_bg_n,,,number,,,,,,,,,,
structural_summary_bg_p05,mriqc_structural_iqm,,text,structural.summary_bg_p05,,,number,,,,,,,,,,
structural_summary_bg_p95,mriqc_structural_iqm,,text,structural.summary_bg_p95,,,number,,,,,,,,,,
structural_summary_bg_stdv,mriqc_structural_iqm,,text,structural.summary_bg_stdv,,,number,,,,,,,,,,
structural_summary_csf_k,mriqc_structural_iqm,,text,structural.summary_csf_k,,,number,,,,,,,,,,
structural_summary_csf_mad,mriqc_structural_iqm,,text,structural.summary_csf_mad,,,number,,,,,,,,,,
structural_summary_csf_mean,mriqc_structural_iqm,,text,structural.summary_csf_mean,,,number,,,,,,,,,,
structural_summary_csf_median,mriqc_structural_iqm,,text,structural.summary_csf_median,,,number,,,,,,,,,,
structural_summary_csf_n,mriqc_structural_iqm,,text,structural.summary_csf_n,,,number,,,,,,,,,,
structural_summary_csf_p05,mriqc_structural_iqm,,text,structural.summary_csf_p05,,,number,,,,,,,,,,
structural_summary_csf_p95,mriqc_structural_iqm,,text,structural.summary_csf_p95,,,number,,,,,,,,,,
structural_summary_csf_stdv,mriqc_structural_iqm,,text,structural.summary_csf_stdv,,,number,,,,,,,,,,
structural_summary_gm_k,mriqc_structural_iqm,,text,structural.summary_gm_k,,,number,,,,,,,,,,
structural_summary_gm_mad,mriqc_structural_iqm,,text,structural.summary_gm_mad,,,number,,,,,,,,,,
structural_summary_gm_mean,mriqc_structural_iqm,,text,structural.summary_gm_mean,,,number,,,,,,,,,,
structural_summary_gm_median,mriqc_structural_iqm,,text,structural.summary_gm_median,,,number,,,,,,,,,,
structural_summary_gm_n,mriqc_structural_iqm,,text,structural.summary_gm_n,,,number,,,,,,,,,,
structural_summary_gm_p05,mriqc_structural_iqm,,text,structural.summary_gm_p05,,,number,,,,,,,,,,
structural_summary_gm_p95,mriqc_structural_iqm,,text,structural.summary_gm_p95,,,number,,,,,,,,,,
structural_summary_gm_stdv,mriqc_structural_iqm,,text,structural.summary_gm_stdv,,,number,,,,,,,,,,
structural_summary_wm_k,mriqc_structural_iqm,,text,structural.summary_wm_k,,,number,,,,,,,,,,
structural_summary_wm_mad,mriqc_structural_iqm,,text,structural.summary_wm_mad,,,number,,,,,,,,,,
structural_summary_wm_mean,mriqc_structural_iqm,,text,structural.summary_wm_mean,,,number,,,,,,,,,,
structural_summary_wm_median,mriqc_structural_iqm,,text,structural.summary_wm_median,,,number,,,,,,,,,,
structural_summary_wm_n,mriqc_structural_iqm,,text,structural.summary_wm_n,,,number,,,,,,,,,,
structural_summary_wm_p05,mriqc_structural_iqm,,text,structural.summary_wm_p05,,,number,,,,,,,,,,
structural_summary_wm_p95,mriqc_structural_iqm,,text,structural.summary_wm_p95,,,number,,,,,,,,,,
structural_summary_wm_stdv,mriqc_structural_iqm,,text,structural.summary_wm_stdv,,,number,,,,,,,,,,
structural_tpm_overlap_csf,mriqc_structural_iqm,,text,structural.tpm_overlap_csf,,,number,,,,,,,,,,
structural_tpm_overlap_gm,mriqc_structural_iqm,,text,structural.tpm_overlap_gm,,,number,,,,,,,,,,
structural_tpm_overlap_wm,mriqc_structural_iqm,,text,structural.tpm_overlap_wm,,,number,,,,,,,,,,
structural_wm2max,mriqc_structural_iqm,,text,structural.wm2max,,,number,,,,,,,,,,
structural_bids_meta_acquisitionduration,mriqc_structural_iqm,,text,structural.bids_meta.AcquisitionDuration,,,number,,,,,,,,,,
structural_bids_meta_acquisitionmatrixpe,mriqc_structural_iqm,,text,structural.bids_meta.AcquisitionMatrixPE,,,number,,,,,,,,,,
structural_bids_meta_acquisitionnumber,mriqc_structural_iqm,,text,structural.bids_meta.AcquisitionNumber,,,number,,,,,,,,,,
structural_bids_meta_acquisitiontime,mriqc_structural_iqm,,text,structural.bids_meta.AcquisitionTime,,,,,,,,,,,,,
structural_bids_meta_baseresolution,mriqc_structural_iqm,,text,structural.bids_meta.BaseResolution,,,number,,,,,,,,,,
structural_bids_meta_bidsguess,mriqc_structural_iqm,,text," structural.bids_meta.BidsGuess",,,,,,,,,,,,,
structural_bids_meta_bodypartexamined,mriqc_structural_iqm,,text,structural.bids_meta.BodyPartExamined,,,,,,,,,,,,,
structural_bids_meta_coilcombinationmethod,mriqc_structural_iqm,,text,structural.bids_meta.CoilCombinationMethod,,,,,,,,,,,,,
structural_bids_meta_coilstring,mriqc_structural_iqm,,text," structural.bids_meta.CoilString",,,,,,,,,,,,,
structural_bids_meta_consistencyinfo,mriqc_structural_iqm,,text,structural.bids_meta.ConsistencyInfo,,,,,,,,,,,,,
structural_bids_meta_conversionsoftware,mriqc_structural_iqm,,text,structural.bids_meta.ConversionSoftware,,,,,,,,,,,,,
structural_bids_meta_conversionsoftwareversion,mriqc_structural_iqm,,text,structural.bids_meta.ConversionSoftwareVersion,,,,,,,,,,,,,
structural_bids_meta_dcm2bidsversion,mriqc_structural_iqm,,text,structural.bids_meta.Dcm2bidsVersion,,,,,,,,,,,,,
structural_bids_meta_deviceserialnumber,mriqc_structural_iqm,,text,structural.bids_meta.DeviceSerialNumber,,,,,,,,,,,,,
structural_bids_meta_dwelltime,mriqc_structural_iqm,,text,structural.bids_meta.DwellTime,,,number,,,,,,,,,,
structural_bids_meta_echotime,mriqc_structural_iqm,,text,structural.bids_meta.EchoTime,,,number,,,,,,,,,,
structural_bids_meta_flipangle,mriqc_structural_iqm,,text,structural.bids_meta.FlipAngle,,,number,,,,,,,,,,
structural_bids_meta_frequencyencodingsteps,mriqc_structural_iqm,,text," structural.bids_meta.FrequencyEncodingSteps",,,number,,,,,,,,,,
structural_bids_meta_imageorientationpatientdicom,mriqc_structural_iqm,,text,structural.bids_meta.ImageOrientationPatientDICOM,,,,,,,,,,,,,
structural_bids_meta_imageorientationtext,mriqc_structural_iqm,,text,structural.bids_meta.ImageOrientationText,,,,,,,,,,,,,
structural_bids_meta_imagetype,mriqc_structural_iqm,,text,structural.bids_meta.ImageType,,,,,,,,,,,,,
structural_bids_meta_imagetypetext,mriqc_structural_iqm,,text," structural.bids_meta.ImageTypeText",,,,,,,,,,,,,
structural_bids_meta_imagingfrequency,mriqc_structural_iqm,,text,structural.bids_meta.ImagingFrequency,,,number,,,,,,,,,,
structural_bids_meta_inplanephaseencodingdirectiondicom,mriqc_structural_iqm,,text,structural.bids_meta.InPlanePhaseEncodingDirectionDICOM,,,,,,,,,,,,,
structural_bids_meta_institutionaddress,mriqc_structural_iqm,,text,structural.bids_meta.InstitutionAddress,,,,,,,,,,,,,
structural_bids_meta_institutionname,mriqc_structural_iqm,,text,structural.bids_meta.InstitutionName,,,,,,,,,,,,,
structural_bids_meta_institutionaldepartmentname,mriqc_structural_iqm,,text,structural.bids_meta.InstitutionalDepartmentName,,,,,,,,,,,,,
structural_bids_meta_inversiontime,mriqc_structural_iqm,,text,structural.bids_meta.InversionTime,,,number,,,,,,,,,,
structural_bids_meta_mracquisitiontype,mriqc_structural_iqm,,text,structural.bids_meta.MRAcquisitionType,,,,,,,,,,,,,
structural_bids_meta_mtstate,mriqc_structural_iqm,,text," structural.bids_meta.MTState",,,,,,,,,,,,,
structural_bids_meta_magneticfieldstrength,mriqc_structural_iqm,,text,structural.bids_meta.MagneticFieldStrength,,,,,,,,,,,,,
structural_bids_meta_manufacturer,mriqc_structural_iqm,,text,structural.bids_meta.Manufacturer,,,,,,,,,,,,,
structural_bids_meta_manufacturersmodelname,mriqc_structural_iqm,,text,structural.bids_meta.ManufacturersModelName,,,,,,,,,,,,,
structural_bids_meta_matrixcoilmode,mriqc_structural_iqm,,text,structural.bids_meta.MatrixCoilMode,,,,,,,,,,,,,
structural_bids_meta_modalitytype,mriqc_structural_iqm,,text,structural.bids_meta.ModalityType,,,,,,,,,,,,,
structural_bids_meta_nonlineargradientcorrection,mriqc_structural_iqm,,text,structural.bids_meta.NonlinearGradientCorrection,,,,,,,,,,,,,
structural_bids_meta_parallelacquisitiontechnique,mriqc_structural_iqm,,text," structural.bids_meta.ParallelAcquisitionTechnique",,,,,,,,,,,,,
structural_bids_meta_parallelreductionfactorinplane,mriqc_structural_iqm,,text,structural.bids_meta.ParallelReductionFactorInPlane,,,number,,,,,,,,,,
structural_bids_meta_partialfourier,mriqc_structural_iqm,,text,structural.bids_meta.PartialFourier,,,,,,,,,,,,,
structural_bids_meta_patientposition,mriqc_structural_iqm,,text,structural.bids_meta.PatientPosition,,,,,,,,,,,,,
structural_bids_meta_percentphasefov,mriqc_structural_iqm,,text,structural.bids_meta.PercentPhaseFOV,,,number,,,,,,,,,,
structural_bids_meta_percentsampling,mriqc_structural_iqm,,text,structural.bids_meta.PercentSampling,,,number,,,,,,,,,,
structural_bids_meta_phaseencodingsteps,mriqc_structural_iqm,,text,structural.bids_meta.PhaseEncodingSteps,,,number,,,,,,,,,,
structural_bids_meta_phaseencodingstepsoutofplane,mriqc_structural_iqm,,text," structural.bids_meta.PhaseEncodingStepsOutOfPlane",,,,,,,,,,,,,
structural_bids_meta_phaseoversampling,mriqc_structural_iqm,,text,structural.bids_meta.PhaseOversampling,,,number,,,,,,,,,,
structural_bids_meta_phaseresolution,mriqc_structural_iqm,,text,structural.bids_meta.PhaseResolution,,,number,,,,,,,,,,
structural_bids_meta_pixelbandwidth,mriqc_structural_iqm,,text,structural.bids_meta.PixelBandwidth,,,number,,,,,,,,,,
structural_bids_meta_procedurestepdescription,mriqc_structural_iqm,,text,structural.bids_meta.ProcedureStepDescription,,,,,,,,,,,,,
structural_bids_meta_protocolname,mriqc_structural_iqm,,text,structural.bids_meta.ProtocolName,,,,,,,,,,,,,
structural_bids_meta_pulsesequencedetails,mriqc_structural_iqm,,text,structural.bids_meta.PulseSequenceDetails,,,,,,,,,,,,,
structural_bids_meta_pulsesequencename,mriqc_structural_iqm,,text," structural.bids_meta.PulseSequenceName",,,,,,,,,,,,,
structural_bids_meta_receivecoilactiveelements,mriqc_structural_iqm,,text,structural.bids_meta.ReceiveCoilActiveElements,,,,,,,,,,,,,
structural_bids_meta_receivecoilname,mriqc_structural_iqm,,text,structural.bids_meta.ReceiveCoilName,,,,,,,,,,,,,
structural_bids_meta_reconmatrixpe,mriqc_structural_iqm,,text,structural.bids_meta.ReconMatrixPE,,,number,,,,,,,,,,
structural_bids_meta_reflinespe,mriqc_structural_iqm,,text,structural.bids_meta.RefLinesPE,,,number,,,,,,,,,,
structural_bids_meta_repetitiontime,mriqc_structural_iqm,,text,structural.bids_meta.RepetitionTime,,,number,,,,,,,,,,
structural_bids_meta_sar,mriqc_structural_iqm,,text,structural.bids_meta.SAR,,,,,,,,,,,,,
structural_bids_meta_scanoptions,mriqc_structural_iqm,,text,structural.bids_meta.ScanOptions,,,,,,,,,,,,,
structural_bids_meta_scanningsequence,mriqc_structural_iqm,,text,structural.bids_meta.ScanningSequence,,,,,,,,,,,,,
structural_bids_meta_sequencename,mriqc_structural_iqm,,text,structural.bids_meta.SequenceName,,,,,,,,,,,,,
structural_bids_meta_sequencevariant,mriqc_structural_iqm,,text,structural.bids_meta.SequenceVariant,,,,,,,,,,,,,
structural_bids_meta_seriesdescription,mriqc_structural_iqm,,text,structural.bids_meta.SeriesDescription,,,,,,,,,,,,,
structural_bids_meta_seriesnumber,mriqc_structural_iqm,,text,structural.bids_meta.SeriesNumber,,,number,,,,,,,,,,
structural_bids_meta_shimsetting,mriqc_structural_iqm,,text,structural.bids_meta.ShimSetting,,,,,,,,,,,,,
structural_bids_meta_slicethickness,mriqc_structural_iqm,,text,structural.bids_meta.SliceThickness,,,number,,,,,,,,,,
structural_bids_meta_softwareversions,mriqc_structural_iqm,,text,structural.bids_meta.SoftwareVersions,,,,,,,,,,,,,
structural_bids_meta_spoilingstate,mriqc_structural_iqm,,text,structural.bids_meta.SpoilingState,,,,,,,,,,,,,
structural_bids_meta_stationname,mriqc_structural_iqm,,text,structural.bids_meta.StationName,,,,,,,,,,,,,
structural_bids_meta_txrefamp,mriqc_structural_iqm,,text,structural.bids_meta.TxRefAmp,,,,,,,,,,,,,
structural_bids_meta_dataset,mriqc_structural_iqm,,text,structural.bids_meta.dataset,,,,,,,,,,,,,
structural_bids_meta_modality,mriqc_structural_iqm,,text,structural.bids_meta.modality,,,,,,,,,,,,,
structural_bids_meta_session_id,mriqc_structural_iqm,,text,structural.bids_meta.session_id,,,,,,,,,,,,,
structural_bids_meta_subject_id,mriqc_structural_iqm,,text,structural.bids_meta.subject_id,,,,,,,,,,,,,
structural_provenance_md5sum,mriqc_structural_iqm,,text,structural.provenance.md5sum,,,,,,,,,,,,,
structural_provenance_settings_testing,mriqc_structural_iqm,,text,structural.provenance.settings.testing,,,,,,,,,,,,,
structural_provenance_software,mriqc_structural_iqm,,text,structural.provenance.software,,,,,,,,,,,,,
structural_provenance_version,mriqc_structural_iqm,,text,structural.provenance.version,,,,,,,,,,,,,
structural_provenance_warnings_large_rot_frame,mriqc_structural_iqm,,text,structural.provenance.warnings.large_rot_frame,,,,,,,,,,,,,
structural_provenance_warnings_small_air_mask,mriqc_structural_iqm,,text,structural.provenance.warnings.small_air_mask,,,,,,,,,,,,,
functional_filename,mriqc_functional_iqm,,text,functional.filename,,,,,,,,,,,,,
functional_aor,mriqc_functional_iqm,,text,functional.aor,,,number,,,,,,,,,,
functional_aqi,mriqc_functional_iqm,,text,functional.aqi,,,number,,,,,,,,,,
functional_dummy_trs,mriqc_functional_iqm,,text,functional.dummy_trs,,,number,,,,,,,,,,
functional_dvars_nstd,mriqc_functional_iqm,,text,functional.dvars_nstd,,,number,,,,,,,,,,
functional_dvars_std,mriqc_functional_iqm,,text,functional.dvars_std,,,number,,,,,,,,,,
functional_dvars_vstd,mriqc_functional_iqm,,text,functional.dvars_vstd,,,number,,,,,,,,,,
functional_efc,mriqc_functional_iqm,,text,functional.efc,,,number,,,,,,,,,,
functional_fber,mriqc_functional_iqm,,text,functional.fber,,,number,,,,,,,,,,
functional_fd_mean,mriqc_functional_iqm,,text,functional.fd_mean,,,number,,,,,,,,,,
functional_fd_num,mriqc_functional_iqm,,text,functional.fd_num,,,number,,,,,,,,,,
functional_fd_perc,mriqc_functional_iqm,,text,functional.fd_perc,,,number,,,,,,,,,,
functional_fwhm_avg,mriqc_functional_iqm,,text,functional.fwhm_avg,,,number,,,,,,,,,,
functional_fwhm_x,mriqc_functional_iqm,,text,functional.fwhm_x,,,number,,,,,,,,,,
functional_fwhm_y,mriqc_functional_iqm,,text,functional.fwhm_y,,,number,,,,,,,,,,
functional_fwhm_z,mriqc_functional_iqm,,text,functional.fwhm_z,,,number,,,,,,,,,,
functional_gcor,mriqc_functional_iqm,,text,functional.gcor,,,number,,,,,,,,,,
functional_gsr_x,mriqc_functional_iqm,,text,functional.gsr_x,,,number,,,,,,,,,,
functional_gsr_y,mriqc_functional_iqm,,text,functional.gsr_y,,,number,,,,,,,,,,
functional_size_t,mriqc_functional_iqm,,text,functional.size_t,,,number,,,,,,,,,,
functional_size_x,mriqc_functional_iqm,,text,functional.size_x,,,number,,,,,,,,,,
functional_size_y,mriqc_functional_iqm,,text,functional.size_y,,,number,,,,,,,,,,
functional_size_z,mriqc_functional_iqm,,text,functional.size_z,,,number,,,,,,,,,,
functional_snr,mriqc_functional_iqm,,text,functional.snr,,,number,,,,,,,,,,
functional_spacing_tr,mriqc_functional_iqm,,text,functional.spacing_tr,,,number,,,,,,,,,,
functional_spacing_x,mriqc_functional_iqm,,text,functional.spacing_x,,,number,,,,,,,,,,
functional_spacing_y,mriqc_functional_iqm,,text,functional.spacing_y,,,number,,,,,,,,,,
functional_spacing_z,mriqc_functional_iqm,,text,functional.spacing_z,,,number,,,,,,,,,,
functional_summary_bg_k,mriqc_functional_iqm,,text,functional.summary_bg_k,,,number,,,,,,,,,,
functional_summary_bg_mad,mriqc_functional_iqm,,text,functional.summary_bg_mad,,,number,,,,,,,,,,
functional_summary_bg_mean,mriqc_functional_iqm,,text,functional.summary_bg_mean,,,number,,,,,,,,,,
functional_summary_bg_median,mriqc_functional_iqm,,text,functional.summary_bg_median,,,number,,,,,,,,,,
functional_summary_bg_n,mriqc_functional_iqm,,text,functional.summary_bg_n,,,number,,,,,,,,,,
functional_summary_bg_p05,mriqc_functional_iqm,,text,functional.summary_bg_p05,,,number,,,,,,,,,,
functional_summary_bg_p95,mriqc_functional_iqm,,text,functional.summary_bg_p95,,,number,,,,,,,,,,
functional_summary_bg_stdv,mriqc_functional_iqm,,text,functional.summary_bg_stdv,,,number,,,,,,,,,,
functional_summary_fg_k,mriqc_functional_iqm,,text,functional.summary_fg_k,,,number,,,,,,,,,,
functional_summary_fg_mad,mriqc_functional_iqm,,text,functional.summary_fg_mad,,,number,,,,,,,,,,
functional_summary_fg_mean,mriqc_functional_iqm,,text,functional.summary_fg_mean,,,number,,,,,,,,,,
functional_summary_fg_median,mriqc_functional_iqm,,text,functional.summary_fg_median,,,number,,,,,,,,,,
functional_summary_fg_n,mriqc_functional_iqm,,text,functional.summary_fg_n,,,number,,,,,,,,,,
functional_summary_fg_p05,mriqc_functional_iqm,,text,functional.summary_fg_p05,,,number,,,,,,,,,,
functional_summary_fg_p95,mriqc_functional_iqm,,text,functional.summary_fg_p95,,,number,,,,,,,,,,
functional_summary_fg_stdv,mriqc_functional_iqm,,text,functional.summary_fg_stdv,,,number,,,,,,,,,,
functional_tsnr,mriqc_functional_iqm,,text,functional.tsnr,,,number,,,,,,,,,,
functional_bids_meta_acquisitionduration,mriqc_functional_iqm,,text,functional.bids_meta.AcquisitionDuration,,,,,,,,,,,,,
functional_bids_meta_acquisitionmatrixpe,mriqc_functional_iqm,,text,functional.bids_meta.AcquisitionMatrixPE,,,number,,,,,,,,,,
functional_bids_meta_acquisitionnumber,mriqc_functional_iqm,,text,functional.bids_meta.AcquisitionNumber,,,number,,,,,,,,,,
functional_bids_meta_acquisitiontime,mriqc_functional_iqm,,text,functional.bids_meta.AcquisitionTime,,,,,,,,,,,,,
functional_bids_meta_bandwidthperpixelphaseencode,mriqc_functional_iqm,,text,functional.bids_meta.BandwidthPerPixelPhaseEncode,,,number,,,,,,,,,,
functional_bids_meta_baseresolution,mriqc_functional_iqm,,text,functional.bids_meta.BaseResolution,,,number,,,,,,,,,,
functional_bids_meta_bidsguess,mriqc_functional_iqm,,text,functional.bids_meta.BidsGuess,,,,,,,,,,,,,
functional_bids_meta_bodypartexamined,mriqc_functional_iqm,,text,functional.bids_meta.BodyPartExamined,,,,,,,,,,,,,
functional_bids_meta_coilcombinationmethod,mriqc_functional_iqm,,text,functional.bids_meta.CoilCombinationMethod,,,,,,,,,,,,,
functional_bids_meta_coilstring,mriqc_functional_iqm,,text,functional.bids_meta.CoilString,,,,,,,,,,,,,
functional_bids_meta_consistencyinfo,mriqc_functional_iqm,,text,functional.bids_meta.ConsistencyInfo,,,,,,,,,,,,,
functional_bids_meta_conversionsoftware,mriqc_functional_iqm,,text,functional.bids_meta.ConversionSoftware,,,,,,,,,,,,,
functional_bids_meta_conversionsoftwareversion,mriqc_functional_iqm,,text,functional.bids_meta.ConversionSoftwareVersion,,,,,,,,,,,,,
functional_bids_meta_dcm2bidsversion,mriqc_functional_iqm,,text,functional.bids_meta.Dcm2bidsVersion,,,,,,,,,,,,,
functional_bids_meta_derivedvendorreportedechospacing,mriqc_functional_iqm,,text,functional.bids_meta.DerivedVendorReportedEchoSpacing,,,,,,,,,,,,,
functional_bids_meta_deviceserialnumber,mriqc_functional_iqm,,text,functional.bids_meta.DeviceSerialNumber,,,,,,,,,,,,,
functional_bids_meta_dwelltime,mriqc_functional_iqm,,text,functional.bids_meta.DwellTime,,,number,,,,,,,,,,
functional_bids_meta_echotime,mriqc_functional_iqm,,text,functional.bids_meta.EchoTime,,,number,,,,,,,,,,
functional_bids_meta_echotrainlength,mriqc_functional_iqm,,text,functional.bids_meta.EchoTrainLength,,,number,,,,,,,,,,
functional_bids_meta_effectiveechospacing,mriqc_functional_iqm,,text,functional.bids_meta.EffectiveEchoSpacing,,,number,,,,,,,,,,
functional_bids_meta_flipangle,mriqc_functional_iqm,,text,functional.bids_meta.FlipAngle,,,number,,,,,,,,,,
functional_bids_meta_frequencyencodingsteps,mriqc_functional_iqm,,text,functional.bids_meta.FrequencyEncodingSteps,,,,,,,,,,,,,
functional_bids_meta_imageorientationpatientdicom,mriqc_functional_iqm,,text,functional.bids_meta.ImageOrientationPatientDICOM,,,,,,,,,,,,,
functional_bids_meta_imageorientationtext,mriqc_functional_iqm,,text,functional.bids_meta.ImageOrientationText,,,,,,,,,,,,,
functional_bids_meta_imagetype,mriqc_functional_iqm,,text,functional.bids_meta.ImageType,,,,,,,,,,,,,
functional_bids_meta_imagetypetext,mriqc_functional_iqm,,text,functional.bids_meta.ImageTypeText,,,,,,,,,,,,,
functional_bids_meta_imagingfrequency,mriqc_functional_iqm,,text,functional.bids_meta.ImagingFrequency,,,,,,,,,,,,,
functional_bids_meta_inplanephaseencodingdirectiondicom,mriqc_functional_iqm,,text,functional.bids_meta.InPlanePhaseEncodingDirectionDICOM,,,,,,,,,,,,,
functional_bids_meta_institutionaddress,mriqc_functional_iqm,,text,functional.bids_meta.InstitutionAddress,,,,,,,,,,,,,
functional_bids_meta_institutionname,mriqc_functional_iqm,,text,functional.bids_meta.InstitutionName,,,,,,,,,,,,,
functional_bids_meta_institutionaldepartmentname,mriqc_functional_iqm,,text,functional.bids_meta.InstitutionalDepartmentName,,,,,,,,,,,,,
functional_bids_meta_mracquisitiontype,mriqc_functional_iqm,,text,functional.bids_meta.MTState,,,,,,,,,,,,,
functional_bids_meta_mtstate,mriqc_functional_iqm,,text,functional.bids_meta.MRAcquisitionType,,,,,,,,,,,,,
functional_bids_meta_magneticfieldstrength,mriqc_functional_iqm,,text,functional.bids_meta.MagneticFieldStrength,,,,,,,,,,,,,
functional_bids_meta_manufacturer,mriqc_functional_iqm,,text,functional.bids_meta.Manufacturer,,,,,,,,,,,,,
functional_bids_meta_manufacturersmodelname,mriqc_functional_iqm,,text,functional.bids_meta.ManufacturersModelName,,,,,,,,,,,,,
functional_bids_meta_matrixcoilmode,mriqc_functional_iqm,,text,functional.bids_meta.MatrixCoilMode,,,,,,,,,,,,,
functional_bids_meta_modalitytype,mriqc_functional_iqm,,text,functional.bids_meta.Modality,,,,,,,,,,,,,
functional_bids_meta_multibandaccelerationfactor,mriqc_functional_iqm,,text,functional.bids_meta.MultibandAccelerationFactor,,,,,,,,,,,,,
functional_bids_meta_nonlineargradientcorrection,mriqc_functional_iqm,,text,functional.bids_meta.NonlinearGradientCorrection,,,,,,,,,,,,,
functional_bids_meta_parallelacquisitiontechnique,mriqc_functional_iqm,,text,functional.bids_meta.ParallelAcquisitionTechnique,,,,,,,,,,,,,
functional_bids_meta_partialfourier,mriqc_functional_iqm,,text,functional.bids_meta.PartialFourier,,,number,,,,,,,,,,
functional_bids_meta_patientposition,mriqc_functional_iqm,,text,functional.bids_meta.PatientPosition,,,,,,,,,,,,,
functional_bids_meta_percentphasefov,mriqc_functional_iqm,,text,functional.bids_meta.PercentPhaseFOV,,,number,,,,,,,,,,
functional_bids_meta_percentsampling,mriqc_functional_iqm,,text,functional.bids_meta.PercentSampling,,,number,,,,,,,,,,
functional_bids_meta_phaseencodingdirection,mriqc_functional_iqm,,text,functional.bids_meta.PhaseEncodingDirection,,,,,,,,,,,,,
functional_bids_meta_phaseencodingsteps,mriqc_functional_iqm,,text,functional.bids_meta.PhaseEncodingSteps,,,number,,,,,,,,,,
functional_bids_meta_phaseresolution,mriqc_functional_iqm,,text,functional.bids_meta.PhaseResolution,,,number,,,,,,,,,,
functional_bids_meta_pixelbandwidth,mriqc_functional_iqm,,text,functional.bids_meta.PixelBandwidth,,,number,,,,,,,,,,
functional_bids_meta_procedurestepdescription,mriqc_functional_iqm,,text,functional.bids_meta.ProcedureStepDescription,,,,,,,,,,,,,
functional_bids_meta_protocolname,mriqc_functional_iqm,,text,functional.bids_meta.ProtocolName,,,,,,,,,,,,,
functional_bids_meta_pulsesequencedetails,mriqc_functional_iqm,,text,functional.bids_meta.PulseSequenceDetails,,,,,,,,,,,,,
functional_bids_meta_pulsesequencename,mriqc_functional_iqm,,text,functional.bids_meta.PulseSequenceName,,,,,,,,,,,,,
functional_bids_meta_receivecoilactiveelements,mriqc_functional_iqm,,text,functional.bids_meta.ReceiveCoilActiveElements,,,,,,,,,,,,,
functional_bids_meta_receivecoilname,mriqc_functional_iqm,,text,functional.bids_meta.ReceiveCoilName,,,,,,,,,,,,,
functional_bids_meta_reconmatrixpe,mriqc_functional_iqm,,text,functional.bids_meta.ReconMatrixPE,,,number,,,,,,,,,,
functional_bids_meta_reflinespe,mriqc_functional_iqm,,text,functional.bids_meta.RefLinesPE,,,,,,,,,,,,,
functional_bids_meta_repetitiontime,mriqc_functional_iqm,,text,functional.bids_meta.RepetitionTime,,,number,,,,,,,,,,
functional_bids_meta_sar,mriqc_functional_iqm,,text,functional.bids_meta.SAR,,,number,,,,,,,,,,
functional_bids_meta_scanoptions,mriqc_functional_iqm,,text,functional.bids_meta.ScanOptions,,,,,,,,,,,,,
functional_bids_meta_scanningsequence,mriqc_functional_iqm,,text,functional.bids_meta.ScanningSequence,,,,,,,,,,,,,
functional_bids_meta_sequencename,mriqc_functional_iqm,,text,functional.bids_meta.SequenceName,,,,,,,,,,,,,
functional_bids_meta_sequencevariant,mriqc_functional_iqm,,text,functional.bids_meta.SequenceVariant,,,,,,,,,,,,,
functional_bids_meta_seriesdescription,mriqc_functional_iqm,,text,functional.bids_meta.SeriesDescription,,,,,,,,,,,,,
functional_bids_meta_seriesnumber,mriqc_functional_iqm,,text,functional.bids_meta.SeriesNumber,,,number,,,,,,,,,,
functional_bids_meta_shimsetting,mriqc_functional_iqm,,text,functional.bids_meta.ShimSetting,,,,,,,,,,,,,
functional_bids_meta_slicethickness,mriqc_functional_iqm,,text,functional.bids_meta.SliceThickness,,,number,,,,,,,,,,
functional_bids_meta_slicetiming,mriqc_functional_iqm,,text,functional.bids_meta.SliceTiming,,,,,,,,,,,,,
functional_bids_meta_softwareversions,mriqc_functional_iqm,,text,functional.bids_meta.SoftwareVersions,,,,,,,,,,,,,
functional_bids_meta_spacingbetweenslices,mriqc_functional_iqm,,text,functional.bids_meta.SpacingBetweenSlices,,,number,,,,,,,,,,
functional_bids_meta_stationname,mriqc_functional_iqm,,text,functional.bids_meta.StationName,,,,,,,,,,,,,
functional_bids_meta_taskname,mriqc_functional_iqm,,text,functional.bids_meta.TaskName,,,,,,,,,,,,,
functional_bids_meta_totalreadouttime,mriqc_functional_iqm,,text,functional.bids_meta.TotalReadoutTime,,,number,,,,,,,,,,
functional_bids_meta_txrefamp,mriqc_functional_iqm,,text,functional.bids_meta.TxRefAmp,,,number,,,,,,,,,,
functional_bids_meta_dataset,mriqc_functional_iqm,,text,functional.bids_meta.dataset,,,,,,,,,,,,,
functional_bids_meta_modality,mriqc_functional_iqm,,text,functional.bids_meta.modality,,,,,,,,,,,,,
functional_bids_meta_run_id,mriqc_functional_iqm,,text,functional.bids_meta.run_id,,,,,,,,,,,,,
functional_bids_meta_session_id,mriqc_functional_iqm,,text,functional_bids_meta.session_id,,,,,,,,,,,,,
functional_bids_meta_subject_id,mriqc_functional_iqm,,text,functional.bids_meta.subject_id,,,,,,,,,,,,,
functional_bids_meta_task_id,mriqc_functional_iqm,,text,functional.bids_meta.task_id,,,,,,,,,,,,,
functional_provenance_md5sum,mriqc_functional_iqm,,text,functional.provenance.md5sum,,,,,,,,,,,,,
functional_provenance_settings_fd_thres,mriqc_functional_iqm,,text,functional.provenance.settings.fd_thres,,,number,,,,,,,,,,
functional_provenance_settings_testing,mriqc_functional_iqm,,text,functional.provenance.settings.testing,,,,,,,,,,,,,
functional_provenance_software,mriqc_functional_iqm,,text,functional.provenance.software,,,,,,,,,,,,,
functional_provenance_version,mriqc_functional_iqm,,text,functional.provenance.version,,,,,,,,,,,,,
